,diff_name,auprc_mean_UR,auprc_std_UR,auprc_mean_DR,auprc_std_DR
0,cortext-endodermis.csv,0.6805571630913609,0.05307372718001198,0.6007446229522506,0.008347936812585475
