,diff_name,auroc_mean_UR,auroc_std_UR,auroc_mean_DR,auroc_std_DR
0,cortext-endodermis.csv,0.6548787622418193,0.02929758960921509,0.6040739861680224,0.023464674800409976
